Scenario,DL_Demand_%,UL_Demand_%,Guard_Overhead_%,TDD_DL_Throughput,TDD_UL_Throughput,TDD_Total_Throughput,TDD_Utilization_%
50:50,50.0,50.0,2.0,49.0,49.0,98.0,98.0
70:30,70.0,30.0,2.0,68.6,29.4,98.0,98.0
80:20,80.0,20.0,2.0,78.4,19.6,98.0,98.0
90:10,90.0,10.0,2.0,88.2,9.8,98.0,98.0
50:50,50.0,50.0,5.0,47.5,47.5,95.0,95.0
70:30,70.0,30.0,5.0,66.5,28.5,95.0,95.0
80:20,80.0,20.0,5.0,76.0,19.0,95.0,95.0
90:10,90.0,10.0,5.0,85.5,9.5,95.0,95.0
50:50,50.0,50.0,10.0,45.0,45.0,90.0,90.0
70:30,70.0,30.0,10.0,62.99999999999999,27.0,90.0,90.0
80:20,80.0,20.0,10.0,72.0,18.0,90.0,90.0
90:10,90.0,10.0,10.0,81.0,9.0,90.0,90.0
